locality_id,flood_risk_status,environmental_risk_status,infrastructure_delivery_risk_score,infrastructure_concentration_risk_score
1,INSUFFICIENT DATA,INSUFFICIENT DATA,0.0,100.0
2,INSUFFICIENT DATA,INSUFFICIENT DATA,0.0,0.2
3,INSUFFICIENT DATA,INSUFFICIENT DATA,0.0,0.9
4,INSUFFICIENT DATA,INSUFFICIENT DATA,12.7,3.3
5,INSUFFICIENT DATA,INSUFFICIENT DATA,100.0,7.1
6,INSUFFICIENT DATA,INSUFFICIENT DATA,100.0,100.0
7,INSUFFICIENT DATA,INSUFFICIENT DATA,100.0,100.0
8,INSUFFICIENT DATA,INSUFFICIENT DATA,0.0,100.0
9,INSUFFICIENT DATA,INSUFFICIENT DATA,100.0,100.0
10,INSUFFICIENT DATA,INSUFFICIENT DATA,0.0,3.6
11,INSUFFICIENT DATA,INSUFFICIENT DATA,100.0,0.8
12,INSUFFICIENT DATA,INSUFFICIENT DATA,100.0,1.5
13,INSUFFICIENT DATA,INSUFFICIENT DATA,66.8,0.5
14,INSUFFICIENT DATA,INSUFFICIENT DATA,56.1,3.8
15,INSUFFICIENT DATA,INSUFFICIENT DATA,100.0,10.6
16,INSUFFICIENT DATA,INSUFFICIENT DATA,0.0,100.0
17,INSUFFICIENT DATA,INSUFFICIENT DATA,51.9,0.1
18,INSUFFICIENT DATA,INSUFFICIENT DATA,100.0,9.7
19,INSUFFICIENT DATA,INSUFFICIENT DATA,0.0,100.0
20,INSUFFICIENT DATA,INSUFFICIENT DATA,0.0,4.8
21,INSUFFICIENT DATA,INSUFFICIENT DATA,47.0,0.4
22,INSUFFICIENT DATA,INSUFFICIENT DATA,71.2,2.9
23,INSUFFICIENT DATA,INSUFFICIENT DATA,0.0,100.0
24,INSUFFICIENT DATA,INSUFFICIENT DATA,71.6,1.4
25,INSUFFICIENT DATA,INSUFFICIENT DATA,44.4,3.4
26,INSUFFICIENT DATA,INSUFFICIENT DATA,60.5,1.2
27,INSUFFICIENT DATA,INSUFFICIENT DATA,100.0,100.0
28,INSUFFICIENT DATA,INSUFFICIENT DATA,100.0,0.6
29,INSUFFICIENT DATA,INSUFFICIENT DATA,100.0,4.0
30,INSUFFICIENT DATA,INSUFFICIENT DATA,100.0,100.0
31,INSUFFICIENT DATA,INSUFFICIENT DATA,100.0,2.9
32,INSUFFICIENT DATA,INSUFFICIENT DATA,27.9,0.5
33,INSUFFICIENT DATA,INSUFFICIENT DATA,0.0,4.3
34,INSUFFICIENT DATA,INSUFFICIENT DATA,100.0,100.0
35,INSUFFICIENT DATA,INSUFFICIENT DATA,34.4,4.3
36,INSUFFICIENT DATA,INSUFFICIENT DATA,65.7,9.8
37,INSUFFICIENT DATA,INSUFFICIENT DATA,100.0,1.7
38,INSUFFICIENT DATA,INSUFFICIENT DATA,100.0,100.0
39,INSUFFICIENT DATA,INSUFFICIENT DATA,100.0,4.1
40,INSUFFICIENT DATA,INSUFFICIENT DATA,67.8,15.6
41,INSUFFICIENT DATA,INSUFFICIENT DATA,34.5,0.0
42,INSUFFICIENT DATA,INSUFFICIENT DATA,55.0,1.0
43,INSUFFICIENT DATA,INSUFFICIENT DATA,0.0,100.0
44,INSUFFICIENT DATA,INSUFFICIENT DATA,100.0,100.0
45,INSUFFICIENT DATA,INSUFFICIENT DATA,20.5,6.6
46,INSUFFICIENT DATA,INSUFFICIENT DATA,100.0,100.0
47,INSUFFICIENT DATA,INSUFFICIENT DATA,100.0,100.0
48,INSUFFICIENT DATA,INSUFFICIENT DATA,63.5,7.3
49,INSUFFICIENT DATA,INSUFFICIENT DATA,0.0,4.9
50,INSUFFICIENT DATA,INSUFFICIENT DATA,100.0,100.0
51,INSUFFICIENT DATA,INSUFFICIENT DATA,0.0,100.0
52,INSUFFICIENT DATA,INSUFFICIENT DATA,100.0,0.6
53,INSUFFICIENT DATA,INSUFFICIENT DATA,32.7,0.9
54,INSUFFICIENT DATA,INSUFFICIENT DATA,55.5,3.9
55,INSUFFICIENT DATA,INSUFFICIENT DATA,100.0,0.3
56,INSUFFICIENT DATA,INSUFFICIENT DATA,42.2,2.0
57,INSUFFICIENT DATA,INSUFFICIENT DATA,0.0,100.0
58,INSUFFICIENT DATA,INSUFFICIENT DATA,68.8,0.1
59,INSUFFICIENT DATA,INSUFFICIENT DATA,66.3,3.6
60,INSUFFICIENT DATA,INSUFFICIENT DATA,0.0,100.0
61,INSUFFICIENT DATA,INSUFFICIENT DATA,100.0,2.8
62,INSUFFICIENT DATA,INSUFFICIENT DATA,100.0,0.7
63,INSUFFICIENT DATA,INSUFFICIENT DATA,100.0,100.0
64,INSUFFICIENT DATA,INSUFFICIENT DATA,0.0,1.7
65,INSUFFICIENT DATA,INSUFFICIENT DATA,100.0,4.7
66,INSUFFICIENT DATA,INSUFFICIENT DATA,28.3,1.0
67,INSUFFICIENT DATA,INSUFFICIENT DATA,65.2,0.6
68,INSUFFICIENT DATA,INSUFFICIENT DATA,61.9,4.2
69,INSUFFICIENT DATA,INSUFFICIENT DATA,0.0,1.6
70,INSUFFICIENT DATA,INSUFFICIENT DATA,0.0,100.0
71,INSUFFICIENT DATA,INSUFFICIENT DATA,100.0,29.1
72,INSUFFICIENT DATA,INSUFFICIENT DATA,52.4,0.2
73,INSUFFICIENT DATA,INSUFFICIENT DATA,100.0,2.7
74,INSUFFICIENT DATA,INSUFFICIENT DATA,14.7,7.9
75,INSUFFICIENT DATA,INSUFFICIENT DATA,100.0,11.0
76,INSUFFICIENT DATA,INSUFFICIENT DATA,0.0,100.0
77,INSUFFICIENT DATA,INSUFFICIENT DATA,100.0,26.7
78,INSUFFICIENT DATA,INSUFFICIENT DATA,66.1,1.2
79,INSUFFICIENT DATA,INSUFFICIENT DATA,100.0,10.6
80,INSUFFICIENT DATA,INSUFFICIENT DATA,58.8,15.1
81,INSUFFICIENT DATA,INSUFFICIENT DATA,76.4,4.7
82,INSUFFICIENT DATA,INSUFFICIENT DATA,0.0,100.0
83,INSUFFICIENT DATA,INSUFFICIENT DATA,100.0,100.0
84,INSUFFICIENT DATA,INSUFFICIENT DATA,70.4,1.6
85,INSUFFICIENT DATA,INSUFFICIENT DATA,49.5,0.0
86,INSUFFICIENT DATA,INSUFFICIENT DATA,100.0,100.0
87,INSUFFICIENT DATA,INSUFFICIENT DATA,0.0,100.0
88,INSUFFICIENT DATA,INSUFFICIENT DATA,64.3,5.6
89,INSUFFICIENT DATA,INSUFFICIENT DATA,23.3,5.0
90,INSUFFICIENT DATA,INSUFFICIENT DATA,42.8,2.1
