document_id,source,title,content,source_type,confidence,as_of,created_at,chunk_id,evidence_id,city,locality,topic
1,Internal Research,"Infrastructure Update — Shanker Gardens, Pune","Infrastructure Update for Shanker Gardens, Pune: connectivity score 59.9, infrastructure score 68.2, development score 65.8. Analysts note strong momentum driven by ongoing infrastructure and demand trends in the corridor.",INTERNAL_RESEARCH,0.85,2025-05-28,2026-09-04T04:21:17+00:00,0,ev_1_0,Pune,Shanker Gardens,Infrastructure Update
2,Developer Filing,"Infrastructure Update — Shanker Gardens, Pune","Infrastructure Update for Shanker Gardens, Pune: connectivity score 59.9, infrastructure score 68.2, development score 65.8. Analysts note strong momentum driven by ongoing infrastructure and demand trends in the corridor.",DEVELOPER_FILING,0.55,2025-01-07,2026-09-04T04:21:17+00:00,0,ev_2_0,Pune,Shanker Gardens,Infrastructure Update
3,Market Report,"Infrastructure Update — Shanker Gardens, Pune","Infrastructure Update for Shanker Gardens, Pune: connectivity score 59.9, infrastructure score 68.2, development score 65.8. Analysts note strong momentum driven by ongoing infrastructure and demand trends in the corridor.",MARKET_REPORT,0.8,2025-05-10,2026-09-04T04:21:17+00:00,0,ev_3_0,Pune,Shanker Gardens,Infrastructure Update
4,Developer Filing,"Developer Report — Bath Colony, Bengaluru","Developer Report for Bath Colony, Bengaluru: connectivity score 78.6, infrastructure score 49.1, development score 68.5. Analysts note strong momentum driven by ongoing infrastructure and demand trends in the corridor.",DEVELOPER_FILING,0.55,2025-04-01,2026-09-04T04:21:17+00:00,0,ev_4_0,Bengaluru,Bath Colony,Developer Report
5,Developer Filing,"Policy/Regulatory Note — Bath Colony, Bengaluru","Policy/Regulatory Note for Bath Colony, Bengaluru: connectivity score 78.6, infrastructure score 49.1, development score 68.5. Analysts note strong momentum driven by ongoing infrastructure and demand trends in the corridor.",DEVELOPER_FILING,0.55,2025-05-26,2026-09-04T04:21:17+00:00,0,ev_5_0,Bengaluru,Bath Colony,Policy/Regulatory Note
6,Internal Research,"Investment Memo — Bath Colony, Bengaluru","Investment Memo for Bath Colony, Bengaluru: connectivity score 78.6, infrastructure score 49.1, development score 68.5. Analysts note strong momentum driven by ongoing infrastructure and demand trends in the corridor.",INTERNAL_RESEARCH,0.85,2025-01-10,2026-09-04T04:21:17+00:00,0,ev_6_0,Bengaluru,Bath Colony,Investment Memo
7,Market Report,"Developer Report — Memon Nagar, Hyderabad","Developer Report for Memon Nagar, Hyderabad: connectivity score 90.3, infrastructure score 75.9, development score 70.8. Analysts note strong momentum driven by ongoing infrastructure and demand trends in the corridor.",MARKET_REPORT,0.8,2024-08-30,2026-09-04T04:21:17+00:00,0,ev_7_0,Hyderabad,Memon Nagar,Developer Report
8,Market Report,"Market Outlook — Memon Nagar, Hyderabad","Market Outlook for Memon Nagar, Hyderabad: connectivity score 90.3, infrastructure score 75.9, development score 70.8. Analysts note strong momentum driven by ongoing infrastructure and demand trends in the corridor.",MARKET_REPORT,0.8,2025-01-08,2026-09-04T04:21:17+00:00,0,ev_8_0,Hyderabad,Memon Nagar,Market Outlook
9,Internal Research,"Market Outlook — Memon Nagar, Hyderabad","Market Outlook for Memon Nagar, Hyderabad: connectivity score 90.3, infrastructure score 75.9, development score 70.8. Analysts note strong momentum driven by ongoing infrastructure and demand trends in the corridor.",INTERNAL_RESEARCH,0.85,2025-08-25,2026-09-04T04:21:17+00:00,0,ev_9_0,Hyderabad,Memon Nagar,Market Outlook
10,Developer Filing,"Infrastructure Update — Dave Layout, Delhi NCR","Infrastructure Update for Dave Layout, Delhi NCR: connectivity score 68.8, infrastructure score 39.5, development score 55.5. Analysts note moderate momentum driven by ongoing infrastructure and demand trends in the corridor.",DEVELOPER_FILING,0.55,2025-04-21,2026-09-04T04:21:17+00:00,0,ev_10_0,Delhi NCR,Dave Layout,Infrastructure Update
11,Market Report,"Policy/Regulatory Note — Dave Layout, Delhi NCR","Policy/Regulatory Note for Dave Layout, Delhi NCR: connectivity score 68.8, infrastructure score 39.5, development score 55.5. Analysts note moderate momentum driven by ongoing infrastructure and demand trends in the corridor.",MARKET_REPORT,0.8,2025-04-05,2026-09-04T04:21:17+00:00,0,ev_11_0,Delhi NCR,Dave Layout,Policy/Regulatory Note
12,Internal Research,"Infrastructure Update — Dave Layout, Delhi NCR","Infrastructure Update for Dave Layout, Delhi NCR: connectivity score 68.8, infrastructure score 39.5, development score 55.5. Analysts note moderate momentum driven by ongoing infrastructure and demand trends in the corridor.",INTERNAL_RESEARCH,0.85,2025-06-21,2026-09-04T04:21:17+00:00,0,ev_12_0,Delhi NCR,Dave Layout,Infrastructure Update
13,Internal Research,"Developer Report — Bakshi Layout, Mumbai","Developer Report for Bakshi Layout, Mumbai: connectivity score 58.6, infrastructure score 46.6, development score 55.3. Analysts note moderate momentum driven by ongoing infrastructure and demand trends in the corridor.",INTERNAL_RESEARCH,0.85,2026-04-20,2026-09-04T04:21:17+00:00,0,ev_13_0,Mumbai,Bakshi Layout,Developer Report
14,News,"Market Outlook — Bakshi Layout, Mumbai","Market Outlook for Bakshi Layout, Mumbai: connectivity score 58.6, infrastructure score 46.6, development score 55.3. Analysts note moderate momentum driven by ongoing infrastructure and demand trends in the corridor.",NEWS,0.6,2026-05-13,2026-09-04T04:21:17+00:00,0,ev_14_0,Mumbai,Bakshi Layout,Market Outlook
15,Market Report,"Developer Report — Bakshi Layout, Mumbai","Developer Report for Bakshi Layout, Mumbai: connectivity score 58.6, infrastructure score 46.6, development score 55.3. Analysts note moderate momentum driven by ongoing infrastructure and demand trends in the corridor.",MARKET_REPORT,0.8,2024-10-10,2026-09-04T04:21:17+00:00,0,ev_15_0,Mumbai,Bakshi Layout,Developer Report
16,News,"Policy/Regulatory Note — Setty Gardens, Bengaluru","Policy/Regulatory Note for Setty Gardens, Bengaluru: connectivity score 80.7, infrastructure score 48.7, development score 68.0. Analysts note strong momentum driven by ongoing infrastructure and demand trends in the corridor.",NEWS,0.6,2024-10-26,2026-09-04T04:21:17+00:00,0,ev_16_0,Bengaluru,Setty Gardens,Policy/Regulatory Note
17,Internal Research,"Market Outlook — Setty Gardens, Bengaluru","Market Outlook for Setty Gardens, Bengaluru: connectivity score 80.7, infrastructure score 48.7, development score 68.0. Analysts note strong momentum driven by ongoing infrastructure and demand trends in the corridor.",INTERNAL_RESEARCH,0.85,2024-12-22,2026-09-04T04:21:17+00:00,0,ev_17_0,Bengaluru,Setty Gardens,Market Outlook
18,Internal Research,"Investment Memo — Setty Gardens, Bengaluru","Investment Memo for Setty Gardens, Bengaluru: connectivity score 80.7, infrastructure score 48.7, development score 68.0. Analysts note strong momentum driven by ongoing infrastructure and demand trends in the corridor.",INTERNAL_RESEARCH,0.85,2025-11-05,2026-09-04T04:21:17+00:00,0,ev_18_0,Bengaluru,Setty Gardens,Investment Memo
19,Developer Filing,"Investment Memo — Tata Hills, Pune","Investment Memo for Tata Hills, Pune: connectivity score 64.7, infrastructure score 54.8, development score 71.4. Analysts note strong momentum driven by ongoing infrastructure and demand trends in the corridor.",DEVELOPER_FILING,0.55,2025-12-05,2026-09-04T04:21:17+00:00,0,ev_19_0,Pune,Tata Hills,Investment Memo
20,News,"Developer Report — Tata Hills, Pune","Developer Report for Tata Hills, Pune: connectivity score 64.7, infrastructure score 54.8, development score 71.4. Analysts note strong momentum driven by ongoing infrastructure and demand trends in the corridor.",NEWS,0.6,2026-01-22,2026-09-04T04:21:17+00:00,0,ev_20_0,Pune,Tata Hills,Developer Report
21,News,"Developer Report — Tata Hills, Pune","Developer Report for Tata Hills, Pune: connectivity score 64.7, infrastructure score 54.8, development score 71.4. Analysts note strong momentum driven by ongoing infrastructure and demand trends in the corridor.",NEWS,0.6,2024-08-22,2026-09-04T04:21:17+00:00,0,ev_21_0,Pune,Tata Hills,Developer Report
22,Internal Research,"Policy/Regulatory Note — Patil Enclave, Delhi NCR","Policy/Regulatory Note for Patil Enclave, Delhi NCR: connectivity score 68.5, infrastructure score 73.9, development score 63.5. Analysts note moderate momentum driven by ongoing infrastructure and demand trends in the corridor.",INTERNAL_RESEARCH,0.85,2026-02-17,2026-09-04T04:21:17+00:00,0,ev_22_0,Delhi NCR,Patil Enclave,Policy/Regulatory Note
23,News,"Policy/Regulatory Note — Patil Enclave, Delhi NCR","Policy/Regulatory Note for Patil Enclave, Delhi NCR: connectivity score 68.5, infrastructure score 73.9, development score 63.5. Analysts note moderate momentum driven by ongoing infrastructure and demand trends in the corridor.",NEWS,0.6,2024-10-10,2026-09-04T04:21:17+00:00,0,ev_23_0,Delhi NCR,Patil Enclave,Policy/Regulatory Note
24,Internal Research,"Investment Memo — Patil Enclave, Delhi NCR","Investment Memo for Patil Enclave, Delhi NCR: connectivity score 68.5, infrastructure score 73.9, development score 63.5. Analysts note moderate momentum driven by ongoing infrastructure and demand trends in the corridor.",INTERNAL_RESEARCH,0.85,2025-08-04,2026-09-04T04:21:17+00:00,0,ev_24_0,Delhi NCR,Patil Enclave,Investment Memo
25,Market Report,"Policy/Regulatory Note — Dutta Extension, Mumbai","Policy/Regulatory Note for Dutta Extension, Mumbai: connectivity score 59.1, infrastructure score 54.8, development score 51.0. Analysts note moderate momentum driven by ongoing infrastructure and demand trends in the corridor.",MARKET_REPORT,0.8,2026-07-21,2026-09-04T04:21:17+00:00,0,ev_25_0,Mumbai,Dutta Extension,Policy/Regulatory Note
26,Developer Filing,"Market Outlook — Dutta Extension, Mumbai","Market Outlook for Dutta Extension, Mumbai: connectivity score 59.1, infrastructure score 54.8, development score 51.0. Analysts note moderate momentum driven by ongoing infrastructure and demand trends in the corridor.",DEVELOPER_FILING,0.55,2025-03-30,2026-09-04T04:21:17+00:00,0,ev_26_0,Mumbai,Dutta Extension,Market Outlook
27,News,"Policy/Regulatory Note — Dutta Extension, Mumbai","Policy/Regulatory Note for Dutta Extension, Mumbai: connectivity score 59.1, infrastructure score 54.8, development score 51.0. Analysts note moderate momentum driven by ongoing infrastructure and demand trends in the corridor.",NEWS,0.6,2024-11-09,2026-09-04T04:21:17+00:00,0,ev_27_0,Mumbai,Dutta Extension,Policy/Regulatory Note
28,News,"Infrastructure Update — Pathak Enclave, Pune","Infrastructure Update for Pathak Enclave, Pune: connectivity score 28.2, infrastructure score 43.8, development score 48.9. Analysts note moderate momentum driven by ongoing infrastructure and demand trends in the corridor.",NEWS,0.6,2026-07-21,2026-09-04T04:21:17+00:00,0,ev_28_0,Pune,Pathak Enclave,Infrastructure Update
29,Internal Research,"Infrastructure Update — Pathak Enclave, Pune","Infrastructure Update for Pathak Enclave, Pune: connectivity score 28.2, infrastructure score 43.8, development score 48.9. Analysts note moderate momentum driven by ongoing infrastructure and demand trends in the corridor.",INTERNAL_RESEARCH,0.85,2026-05-15,2026-09-04T04:21:17+00:00,0,ev_29_0,Pune,Pathak Enclave,Infrastructure Update
30,Market Report,"Developer Report — Pathak Enclave, Pune","Developer Report for Pathak Enclave, Pune: connectivity score 28.2, infrastructure score 43.8, development score 48.9. Analysts note moderate momentum driven by ongoing infrastructure and demand trends in the corridor.",MARKET_REPORT,0.8,2026-04-25,2026-09-04T04:21:17+00:00,0,ev_30_0,Pune,Pathak Enclave,Developer Report
31,News,"Investment Memo — Amble Hills, Chennai","Investment Memo for Amble Hills, Chennai: connectivity score 33.8, infrastructure score 90.5, development score 62.6. Analysts note moderate momentum driven by ongoing infrastructure and demand trends in the corridor.",NEWS,0.6,2025-05-04,2026-09-04T04:21:17+00:00,0,ev_31_0,Chennai,Amble Hills,Investment Memo
32,Market Report,"Market Outlook — Amble Hills, Chennai","Market Outlook for Amble Hills, Chennai: connectivity score 33.8, infrastructure score 90.5, development score 62.6. Analysts note moderate momentum driven by ongoing infrastructure and demand trends in the corridor.",MARKET_REPORT,0.8,2024-12-07,2026-09-04T04:21:17+00:00,0,ev_32_0,Chennai,Amble Hills,Market Outlook
33,Internal Research,"Developer Report — Amble Hills, Chennai","Developer Report for Amble Hills, Chennai: connectivity score 33.8, infrastructure score 90.5, development score 62.6. Analysts note moderate momentum driven by ongoing infrastructure and demand trends in the corridor.",INTERNAL_RESEARCH,0.85,2025-09-29,2026-09-04T04:21:17+00:00,0,ev_33_0,Chennai,Amble Hills,Developer Report
34,News,"Locality Deep-Dive — Balay Layout, Pune","Locality Deep-Dive for Balay Layout, Pune: connectivity score 69.9, infrastructure score 57.7, development score 70.7. Analysts note strong momentum driven by ongoing infrastructure and demand trends in the corridor.",NEWS,0.6,2025-12-24,2026-09-04T04:21:17+00:00,0,ev_34_0,Pune,Balay Layout,Locality Deep-Dive
35,News,"Infrastructure Update — Balay Layout, Pune","Infrastructure Update for Balay Layout, Pune: connectivity score 69.9, infrastructure score 57.7, development score 70.7. Analysts note strong momentum driven by ongoing infrastructure and demand trends in the corridor.",NEWS,0.6,2025-01-10,2026-09-04T04:21:17+00:00,0,ev_35_0,Pune,Balay Layout,Infrastructure Update
36,Market Report,"Locality Deep-Dive — Balay Layout, Pune","Locality Deep-Dive for Balay Layout, Pune: connectivity score 69.9, infrastructure score 57.7, development score 70.7. Analysts note strong momentum driven by ongoing infrastructure and demand trends in the corridor.",MARKET_REPORT,0.8,2025-09-27,2026-09-04T04:21:17+00:00,0,ev_36_0,Pune,Balay Layout,Locality Deep-Dive
37,Internal Research,"Developer Report — Dugar Layout, Hyderabad","Developer Report for Dugar Layout, Hyderabad: connectivity score 59.2, infrastructure score 48.0, development score 57.5. Analysts note moderate momentum driven by ongoing infrastructure and demand trends in the corridor.",INTERNAL_RESEARCH,0.85,2025-07-09,2026-09-04T04:21:17+00:00,0,ev_37_0,Hyderabad,Dugar Layout,Developer Report
38,Developer Filing,"Market Outlook — Dugar Layout, Hyderabad","Market Outlook for Dugar Layout, Hyderabad: connectivity score 59.2, infrastructure score 48.0, development score 57.5. Analysts note moderate momentum driven by ongoing infrastructure and demand trends in the corridor.",DEVELOPER_FILING,0.55,2025-05-01,2026-09-04T04:21:17+00:00,0,ev_38_0,Hyderabad,Dugar Layout,Market Outlook
39,News,"Locality Deep-Dive — Dugar Layout, Hyderabad","Locality Deep-Dive for Dugar Layout, Hyderabad: connectivity score 59.2, infrastructure score 48.0, development score 57.5. Analysts note moderate momentum driven by ongoing infrastructure and demand trends in the corridor.",NEWS,0.6,2025-11-12,2026-09-04T04:21:17+00:00,0,ev_39_0,Hyderabad,Dugar Layout,Locality Deep-Dive
40,Internal Research,"Investment Memo — Mallick Enclave, Chennai","Investment Memo for Mallick Enclave, Chennai: connectivity score 73.6, infrastructure score 28.4, development score 61.9. Analysts note moderate momentum driven by ongoing infrastructure and demand trends in the corridor.",INTERNAL_RESEARCH,0.85,2026-08-14,2026-09-04T04:21:17+00:00,0,ev_40_0,Chennai,Mallick Enclave,Investment Memo
41,Internal Research,"Investment Memo — Mallick Enclave, Chennai","Investment Memo for Mallick Enclave, Chennai: connectivity score 73.6, infrastructure score 28.4, development score 61.9. Analysts note moderate momentum driven by ongoing infrastructure and demand trends in the corridor.",INTERNAL_RESEARCH,0.85,2025-05-04,2026-09-04T04:21:17+00:00,0,ev_41_0,Chennai,Mallick Enclave,Investment Memo
42,Developer Filing,"Developer Report — Mallick Enclave, Chennai","Developer Report for Mallick Enclave, Chennai: connectivity score 73.6, infrastructure score 28.4, development score 61.9. Analysts note moderate momentum driven by ongoing infrastructure and demand trends in the corridor.",DEVELOPER_FILING,0.55,2024-12-29,2026-09-04T04:21:17+00:00,0,ev_42_0,Chennai,Mallick Enclave,Developer Report
43,Internal Research,"Investment Memo — Dugal Gardens, Mumbai","Investment Memo for Dugal Gardens, Mumbai: connectivity score 76.5, infrastructure score 39.3, development score 61.6. Analysts note moderate momentum driven by ongoing infrastructure and demand trends in the corridor.",INTERNAL_RESEARCH,0.85,2025-07-27,2026-09-04T04:21:17+00:00,0,ev_43_0,Mumbai,Dugal Gardens,Investment Memo
44,Developer Filing,"Investment Memo — Dugal Gardens, Mumbai","Investment Memo for Dugal Gardens, Mumbai: connectivity score 76.5, infrastructure score 39.3, development score 61.6. Analysts note moderate momentum driven by ongoing infrastructure and demand trends in the corridor.",DEVELOPER_FILING,0.55,2025-07-07,2026-09-04T04:21:17+00:00,0,ev_44_0,Mumbai,Dugal Gardens,Investment Memo
45,Developer Filing,"Locality Deep-Dive — Dugal Gardens, Mumbai","Locality Deep-Dive for Dugal Gardens, Mumbai: connectivity score 76.5, infrastructure score 39.3, development score 61.6. Analysts note moderate momentum driven by ongoing infrastructure and demand trends in the corridor.",DEVELOPER_FILING,0.55,2026-07-29,2026-09-04T04:21:17+00:00,0,ev_45_0,Mumbai,Dugal Gardens,Locality Deep-Dive
46,News,"Developer Report — Balay Hills, Mumbai","Developer Report for Balay Hills, Mumbai: connectivity score 48.0, infrastructure score 62.4, development score 66.9. Analysts note strong momentum driven by ongoing infrastructure and demand trends in the corridor.",NEWS,0.6,2025-12-18,2026-09-04T04:21:17+00:00,0,ev_46_0,Mumbai,Balay Hills,Developer Report
47,News,"Policy/Regulatory Note — Balay Hills, Mumbai","Policy/Regulatory Note for Balay Hills, Mumbai: connectivity score 48.0, infrastructure score 62.4, development score 66.9. Analysts note strong momentum driven by ongoing infrastructure and demand trends in the corridor.",NEWS,0.6,2025-09-27,2026-09-04T04:21:17+00:00,0,ev_47_0,Mumbai,Balay Hills,Policy/Regulatory Note
48,Developer Filing,"Developer Report — Balay Hills, Mumbai","Developer Report for Balay Hills, Mumbai: connectivity score 48.0, infrastructure score 62.4, development score 66.9. Analysts note strong momentum driven by ongoing infrastructure and demand trends in the corridor.",DEVELOPER_FILING,0.55,2026-08-06,2026-09-04T04:21:17+00:00,0,ev_48_0,Mumbai,Balay Hills,Developer Report
49,Developer Filing,"Market Outlook — Yadav Hills, Bengaluru","Market Outlook for Yadav Hills, Bengaluru: connectivity score 44.5, infrastructure score 46.1, development score 61.8. Analysts note moderate momentum driven by ongoing infrastructure and demand trends in the corridor.",DEVELOPER_FILING,0.55,2024-12-19,2026-09-04T04:21:17+00:00,0,ev_49_0,Bengaluru,Yadav Hills,Market Outlook
50,News,"Infrastructure Update — Yadav Hills, Bengaluru","Infrastructure Update for Yadav Hills, Bengaluru: connectivity score 44.5, infrastructure score 46.1, development score 61.8. Analysts note moderate momentum driven by ongoing infrastructure and demand trends in the corridor.",NEWS,0.6,2025-11-28,2026-09-04T04:21:17+00:00,0,ev_50_0,Bengaluru,Yadav Hills,Infrastructure Update
51,Developer Filing,"Infrastructure Update — Yadav Hills, Bengaluru","Infrastructure Update for Yadav Hills, Bengaluru: connectivity score 44.5, infrastructure score 46.1, development score 61.8. Analysts note moderate momentum driven by ongoing infrastructure and demand trends in the corridor.",DEVELOPER_FILING,0.55,2026-05-16,2026-09-04T04:21:17+00:00,0,ev_51_0,Bengaluru,Yadav Hills,Infrastructure Update
52,Developer Filing,"Policy/Regulatory Note — Pant Layout, Bengaluru","Policy/Regulatory Note for Pant Layout, Bengaluru: connectivity score 61.4, infrastructure score 93.7, development score 65.8. Analysts note strong momentum driven by ongoing infrastructure and demand trends in the corridor.",DEVELOPER_FILING,0.55,2026-02-13,2026-09-04T04:21:17+00:00,0,ev_52_0,Bengaluru,Pant Layout,Policy/Regulatory Note
53,News,"Locality Deep-Dive — Pant Layout, Bengaluru","Locality Deep-Dive for Pant Layout, Bengaluru: connectivity score 61.4, infrastructure score 93.7, development score 65.8. Analysts note strong momentum driven by ongoing infrastructure and demand trends in the corridor.",NEWS,0.6,2025-07-16,2026-09-04T04:21:17+00:00,0,ev_53_0,Bengaluru,Pant Layout,Locality Deep-Dive
54,Market Report,"Locality Deep-Dive — Pant Layout, Bengaluru","Locality Deep-Dive for Pant Layout, Bengaluru: connectivity score 61.4, infrastructure score 93.7, development score 65.8. Analysts note strong momentum driven by ongoing infrastructure and demand trends in the corridor.",MARKET_REPORT,0.8,2025-01-14,2026-09-04T04:21:17+00:00,0,ev_54_0,Bengaluru,Pant Layout,Locality Deep-Dive
55,News,"Investment Memo — Bhatt Layout, Hyderabad","Investment Memo for Bhatt Layout, Hyderabad: connectivity score 39.4, infrastructure score 59.0, development score 46.7. Analysts note moderate momentum driven by ongoing infrastructure and demand trends in the corridor.",NEWS,0.6,2026-01-17,2026-09-04T04:21:17+00:00,0,ev_55_0,Hyderabad,Bhatt Layout,Investment Memo
56,Internal Research,"Market Outlook — Bhatt Layout, Hyderabad","Market Outlook for Bhatt Layout, Hyderabad: connectivity score 39.4, infrastructure score 59.0, development score 46.7. Analysts note moderate momentum driven by ongoing infrastructure and demand trends in the corridor.",INTERNAL_RESEARCH,0.85,2024-12-05,2026-09-04T04:21:17+00:00,0,ev_56_0,Hyderabad,Bhatt Layout,Market Outlook
57,Developer Filing,"Infrastructure Update — Bhatt Layout, Hyderabad","Infrastructure Update for Bhatt Layout, Hyderabad: connectivity score 39.4, infrastructure score 59.0, development score 46.7. Analysts note moderate momentum driven by ongoing infrastructure and demand trends in the corridor.",DEVELOPER_FILING,0.55,2025-04-07,2026-09-04T04:21:17+00:00,0,ev_57_0,Hyderabad,Bhatt Layout,Infrastructure Update
58,Market Report,"Policy/Regulatory Note — Edwin Nagar, Delhi NCR","Policy/Regulatory Note for Edwin Nagar, Delhi NCR: connectivity score 67.5, infrastructure score 61.6, development score 65.0. Analysts note moderate momentum driven by ongoing infrastructure and demand trends in the corridor.",MARKET_REPORT,0.8,2025-06-30,2026-09-04T04:21:17+00:00,0,ev_58_0,Delhi NCR,Edwin Nagar,Policy/Regulatory Note
59,Developer Filing,"Policy/Regulatory Note — Edwin Nagar, Delhi NCR","Policy/Regulatory Note for Edwin Nagar, Delhi NCR: connectivity score 67.5, infrastructure score 61.6, development score 65.0. Analysts note moderate momentum driven by ongoing infrastructure and demand trends in the corridor.",DEVELOPER_FILING,0.55,2025-09-07,2026-09-04T04:21:17+00:00,0,ev_59_0,Delhi NCR,Edwin Nagar,Policy/Regulatory Note
60,News,"Market Outlook — Edwin Nagar, Delhi NCR","Market Outlook for Edwin Nagar, Delhi NCR: connectivity score 67.5, infrastructure score 61.6, development score 65.0. Analysts note moderate momentum driven by ongoing infrastructure and demand trends in the corridor.",NEWS,0.6,2025-07-15,2026-09-04T04:21:17+00:00,0,ev_60_0,Delhi NCR,Edwin Nagar,Market Outlook
61,Internal Research,"Policy/Regulatory Note — Kakar Extension, Delhi NCR","Policy/Regulatory Note for Kakar Extension, Delhi NCR: connectivity score 61.3, infrastructure score 55.1, development score 56.0. Analysts note moderate momentum driven by ongoing infrastructure and demand trends in the corridor.",INTERNAL_RESEARCH,0.85,2026-05-12,2026-09-04T04:21:17+00:00,0,ev_61_0,Delhi NCR,Kakar Extension,Policy/Regulatory Note
62,Internal Research,"Locality Deep-Dive — Kakar Extension, Delhi NCR","Locality Deep-Dive for Kakar Extension, Delhi NCR: connectivity score 61.3, infrastructure score 55.1, development score 56.0. Analysts note moderate momentum driven by ongoing infrastructure and demand trends in the corridor.",INTERNAL_RESEARCH,0.85,2024-10-02,2026-09-04T04:21:17+00:00,0,ev_62_0,Delhi NCR,Kakar Extension,Locality Deep-Dive
63,Internal Research,"Infrastructure Update — Kakar Extension, Delhi NCR","Infrastructure Update for Kakar Extension, Delhi NCR: connectivity score 61.3, infrastructure score 55.1, development score 56.0. Analysts note moderate momentum driven by ongoing infrastructure and demand trends in the corridor.",INTERNAL_RESEARCH,0.85,2025-04-05,2026-09-04T04:21:17+00:00,0,ev_63_0,Delhi NCR,Kakar Extension,Infrastructure Update
64,News,"Developer Report — Biswas Nagar, Delhi NCR","Developer Report for Biswas Nagar, Delhi NCR: connectivity score 69.2, infrastructure score 39.7, development score 67.5. Analysts note strong momentum driven by ongoing infrastructure and demand trends in the corridor.",NEWS,0.6,2026-03-29,2026-09-04T04:21:17+00:00,0,ev_64_0,Delhi NCR,Biswas Nagar,Developer Report
65,Developer Filing,"Policy/Regulatory Note — Biswas Nagar, Delhi NCR","Policy/Regulatory Note for Biswas Nagar, Delhi NCR: connectivity score 69.2, infrastructure score 39.7, development score 67.5. Analysts note strong momentum driven by ongoing infrastructure and demand trends in the corridor.",DEVELOPER_FILING,0.55,2026-03-09,2026-09-04T04:21:17+00:00,0,ev_65_0,Delhi NCR,Biswas Nagar,Policy/Regulatory Note
66,News,"Policy/Regulatory Note — Biswas Nagar, Delhi NCR","Policy/Regulatory Note for Biswas Nagar, Delhi NCR: connectivity score 69.2, infrastructure score 39.7, development score 67.5. Analysts note strong momentum driven by ongoing infrastructure and demand trends in the corridor.",NEWS,0.6,2025-05-06,2026-09-04T04:21:17+00:00,0,ev_66_0,Delhi NCR,Biswas Nagar,Policy/Regulatory Note
67,Market Report,"Investment Memo — Varughese Nagar, Chennai","Investment Memo for Varughese Nagar, Chennai: connectivity score 85.8, infrastructure score 12.1, development score 45.7. Analysts note moderate momentum driven by ongoing infrastructure and demand trends in the corridor.",MARKET_REPORT,0.8,2026-07-23,2026-09-04T04:21:17+00:00,0,ev_67_0,Chennai,Varughese Nagar,Investment Memo
68,News,"Infrastructure Update — Varughese Nagar, Chennai","Infrastructure Update for Varughese Nagar, Chennai: connectivity score 85.8, infrastructure score 12.1, development score 45.7. Analysts note moderate momentum driven by ongoing infrastructure and demand trends in the corridor.",NEWS,0.6,2024-10-04,2026-09-04T04:21:17+00:00,0,ev_68_0,Chennai,Varughese Nagar,Infrastructure Update
69,Developer Filing,"Policy/Regulatory Note — Varughese Nagar, Chennai","Policy/Regulatory Note for Varughese Nagar, Chennai: connectivity score 85.8, infrastructure score 12.1, development score 45.7. Analysts note moderate momentum driven by ongoing infrastructure and demand trends in the corridor.",DEVELOPER_FILING,0.55,2024-10-08,2026-09-04T04:21:17+00:00,0,ev_69_0,Chennai,Varughese Nagar,Policy/Regulatory Note
70,News,"Investment Memo — Garg Enclave, Pune","Investment Memo for Garg Enclave, Pune: connectivity score 62.0, infrastructure score 61.1, development score 62.3. Analysts note moderate momentum driven by ongoing infrastructure and demand trends in the corridor.",NEWS,0.6,2026-07-12,2026-09-04T04:21:17+00:00,0,ev_70_0,Pune,Garg Enclave,Investment Memo
71,News,"Policy/Regulatory Note — Garg Enclave, Pune","Policy/Regulatory Note for Garg Enclave, Pune: connectivity score 62.0, infrastructure score 61.1, development score 62.3. Analysts note moderate momentum driven by ongoing infrastructure and demand trends in the corridor.",NEWS,0.6,2025-09-18,2026-09-04T04:21:17+00:00,0,ev_71_0,Pune,Garg Enclave,Policy/Regulatory Note
72,Developer Filing,"Infrastructure Update — Garg Enclave, Pune","Infrastructure Update for Garg Enclave, Pune: connectivity score 62.0, infrastructure score 61.1, development score 62.3. Analysts note moderate momentum driven by ongoing infrastructure and demand trends in the corridor.",DEVELOPER_FILING,0.55,2026-01-28,2026-09-04T04:21:17+00:00,0,ev_72_0,Pune,Garg Enclave,Infrastructure Update
73,Internal Research,"Infrastructure Update — Kanda Gardens, Pune","Infrastructure Update for Kanda Gardens, Pune: connectivity score 76.2, infrastructure score 71.0, development score 71.3. Analysts note strong momentum driven by ongoing infrastructure and demand trends in the corridor.",INTERNAL_RESEARCH,0.85,2025-07-06,2026-09-04T04:21:17+00:00,0,ev_73_0,Pune,Kanda Gardens,Infrastructure Update
74,Internal Research,"Infrastructure Update — Kanda Gardens, Pune","Infrastructure Update for Kanda Gardens, Pune: connectivity score 76.2, infrastructure score 71.0, development score 71.3. Analysts note strong momentum driven by ongoing infrastructure and demand trends in the corridor.",INTERNAL_RESEARCH,0.85,2025-01-25,2026-09-04T04:21:17+00:00,0,ev_74_0,Pune,Kanda Gardens,Infrastructure Update
75,Developer Filing,"Infrastructure Update — Kanda Gardens, Pune","Infrastructure Update for Kanda Gardens, Pune: connectivity score 76.2, infrastructure score 71.0, development score 71.3. Analysts note strong momentum driven by ongoing infrastructure and demand trends in the corridor.",DEVELOPER_FILING,0.55,2026-03-27,2026-09-04T04:21:17+00:00,0,ev_75_0,Pune,Kanda Gardens,Infrastructure Update
76,Developer Filing,"Policy/Regulatory Note — Oak Hills, Mumbai","Policy/Regulatory Note for Oak Hills, Mumbai: connectivity score 36.2, infrastructure score 59.5, development score 54.6. Analysts note moderate momentum driven by ongoing infrastructure and demand trends in the corridor.",DEVELOPER_FILING,0.55,2026-06-04,2026-09-04T04:21:17+00:00,0,ev_76_0,Mumbai,Oak Hills,Policy/Regulatory Note
77,Internal Research,"Market Outlook — Oak Hills, Mumbai","Market Outlook for Oak Hills, Mumbai: connectivity score 36.2, infrastructure score 59.5, development score 54.6. Analysts note moderate momentum driven by ongoing infrastructure and demand trends in the corridor.",INTERNAL_RESEARCH,0.85,2025-04-23,2026-09-04T04:21:17+00:00,0,ev_77_0,Mumbai,Oak Hills,Market Outlook
78,Developer Filing,"Infrastructure Update — Oak Hills, Mumbai","Infrastructure Update for Oak Hills, Mumbai: connectivity score 36.2, infrastructure score 59.5, development score 54.6. Analysts note moderate momentum driven by ongoing infrastructure and demand trends in the corridor.",DEVELOPER_FILING,0.55,2025-01-03,2026-09-04T04:21:17+00:00,0,ev_78_0,Mumbai,Oak Hills,Infrastructure Update
79,Market Report,"Market Outlook — Khatri Extension, Delhi NCR","Market Outlook for Khatri Extension, Delhi NCR: connectivity score 57.7, infrastructure score 67.3, development score 67.9. Analysts note strong momentum driven by ongoing infrastructure and demand trends in the corridor.",MARKET_REPORT,0.8,2025-03-30,2026-09-04T04:21:17+00:00,0,ev_79_0,Delhi NCR,Khatri Extension,Market Outlook
80,Developer Filing,"Infrastructure Update — Khatri Extension, Delhi NCR","Infrastructure Update for Khatri Extension, Delhi NCR: connectivity score 57.7, infrastructure score 67.3, development score 67.9. Analysts note strong momentum driven by ongoing infrastructure and demand trends in the corridor.",DEVELOPER_FILING,0.55,2024-10-30,2026-09-04T04:21:17+00:00,0,ev_80_0,Delhi NCR,Khatri Extension,Infrastructure Update
81,Internal Research,"Market Outlook — Khatri Extension, Delhi NCR","Market Outlook for Khatri Extension, Delhi NCR: connectivity score 57.7, infrastructure score 67.3, development score 67.9. Analysts note strong momentum driven by ongoing infrastructure and demand trends in the corridor.",INTERNAL_RESEARCH,0.85,2024-11-25,2026-09-04T04:21:17+00:00,0,ev_81_0,Delhi NCR,Khatri Extension,Market Outlook
82,News,"Market Outlook — Khosla Hills, Delhi NCR","Market Outlook for Khosla Hills, Delhi NCR: connectivity score 61.0, infrastructure score 42.4, development score 53.4. Analysts note moderate momentum driven by ongoing infrastructure and demand trends in the corridor.",NEWS,0.6,2025-11-12,2026-09-04T04:21:17+00:00,0,ev_82_0,Delhi NCR,Khosla Hills,Market Outlook
83,Market Report,"Locality Deep-Dive — Khosla Hills, Delhi NCR","Locality Deep-Dive for Khosla Hills, Delhi NCR: connectivity score 61.0, infrastructure score 42.4, development score 53.4. Analysts note moderate momentum driven by ongoing infrastructure and demand trends in the corridor.",MARKET_REPORT,0.8,2025-09-04,2026-09-04T04:21:17+00:00,0,ev_83_0,Delhi NCR,Khosla Hills,Locality Deep-Dive
84,News,"Developer Report — Khosla Hills, Delhi NCR","Developer Report for Khosla Hills, Delhi NCR: connectivity score 61.0, infrastructure score 42.4, development score 53.4. Analysts note moderate momentum driven by ongoing infrastructure and demand trends in the corridor.",NEWS,0.6,2025-10-30,2026-09-04T04:21:17+00:00,0,ev_84_0,Delhi NCR,Khosla Hills,Developer Report
85,Internal Research,"Locality Deep-Dive — Gade Extension, Pune","Locality Deep-Dive for Gade Extension, Pune: connectivity score 62.7, infrastructure score 70.6, development score 62.4. Analysts note moderate momentum driven by ongoing infrastructure and demand trends in the corridor.",INTERNAL_RESEARCH,0.85,2025-09-04,2026-09-04T04:21:17+00:00,0,ev_85_0,Pune,Gade Extension,Locality Deep-Dive
86,Internal Research,"Market Outlook — Gade Extension, Pune","Market Outlook for Gade Extension, Pune: connectivity score 62.7, infrastructure score 70.6, development score 62.4. Analysts note moderate momentum driven by ongoing infrastructure and demand trends in the corridor.",INTERNAL_RESEARCH,0.85,2025-01-26,2026-09-04T04:21:17+00:00,0,ev_86_0,Pune,Gade Extension,Market Outlook
87,Developer Filing,"Market Outlook — Gade Extension, Pune","Market Outlook for Gade Extension, Pune: connectivity score 62.7, infrastructure score 70.6, development score 62.4. Analysts note moderate momentum driven by ongoing infrastructure and demand trends in the corridor.",DEVELOPER_FILING,0.55,2026-04-22,2026-09-04T04:21:17+00:00,0,ev_87_0,Pune,Gade Extension,Market Outlook
88,Developer Filing,"Market Outlook — Prakash Gardens, Chennai","Market Outlook for Prakash Gardens, Chennai: connectivity score 68.0, infrastructure score 57.4, development score 58.4. Analysts note moderate momentum driven by ongoing infrastructure and demand trends in the corridor.",DEVELOPER_FILING,0.55,2024-11-27,2026-09-04T04:21:17+00:00,0,ev_88_0,Chennai,Prakash Gardens,Market Outlook
89,Developer Filing,"Developer Report — Prakash Gardens, Chennai","Developer Report for Prakash Gardens, Chennai: connectivity score 68.0, infrastructure score 57.4, development score 58.4. Analysts note moderate momentum driven by ongoing infrastructure and demand trends in the corridor.",DEVELOPER_FILING,0.55,2025-02-22,2026-09-04T04:21:17+00:00,0,ev_89_0,Chennai,Prakash Gardens,Developer Report
90,News,"Investment Memo — Prakash Gardens, Chennai","Investment Memo for Prakash Gardens, Chennai: connectivity score 68.0, infrastructure score 57.4, development score 58.4. Analysts note moderate momentum driven by ongoing infrastructure and demand trends in the corridor.",NEWS,0.6,2025-08-27,2026-09-04T04:21:17+00:00,0,ev_90_0,Chennai,Prakash Gardens,Investment Memo
91,Internal Research,"Policy/Regulatory Note — Mall Enclave, Mumbai","Policy/Regulatory Note for Mall Enclave, Mumbai: connectivity score 54.5, infrastructure score 54.1, development score 59.1. Analysts note moderate momentum driven by ongoing infrastructure and demand trends in the corridor.",INTERNAL_RESEARCH,0.85,2025-01-09,2026-09-04T04:21:17+00:00,0,ev_91_0,Mumbai,Mall Enclave,Policy/Regulatory Note
92,Developer Filing,"Locality Deep-Dive — Mall Enclave, Mumbai","Locality Deep-Dive for Mall Enclave, Mumbai: connectivity score 54.5, infrastructure score 54.1, development score 59.1. Analysts note moderate momentum driven by ongoing infrastructure and demand trends in the corridor.",DEVELOPER_FILING,0.55,2025-03-21,2026-09-04T04:21:17+00:00,0,ev_92_0,Mumbai,Mall Enclave,Locality Deep-Dive
93,Developer Filing,"Infrastructure Update — Mall Enclave, Mumbai","Infrastructure Update for Mall Enclave, Mumbai: connectivity score 54.5, infrastructure score 54.1, development score 59.1. Analysts note moderate momentum driven by ongoing infrastructure and demand trends in the corridor.",DEVELOPER_FILING,0.55,2026-02-09,2026-09-04T04:21:17+00:00,0,ev_93_0,Mumbai,Mall Enclave,Infrastructure Update
94,Developer Filing,"Market Outlook — Chada Gardens, Delhi NCR","Market Outlook for Chada Gardens, Delhi NCR: connectivity score 40.5, infrastructure score 65.1, development score 59.0. Analysts note moderate momentum driven by ongoing infrastructure and demand trends in the corridor.",DEVELOPER_FILING,0.55,2024-12-01,2026-09-04T04:21:17+00:00,0,ev_94_0,Delhi NCR,Chada Gardens,Market Outlook
95,Developer Filing,"Investment Memo — Chada Gardens, Delhi NCR","Investment Memo for Chada Gardens, Delhi NCR: connectivity score 40.5, infrastructure score 65.1, development score 59.0. Analysts note moderate momentum driven by ongoing infrastructure and demand trends in the corridor.",DEVELOPER_FILING,0.55,2025-12-29,2026-09-04T04:21:17+00:00,0,ev_95_0,Delhi NCR,Chada Gardens,Investment Memo
96,Internal Research,"Policy/Regulatory Note — Chada Gardens, Delhi NCR","Policy/Regulatory Note for Chada Gardens, Delhi NCR: connectivity score 40.5, infrastructure score 65.1, development score 59.0. Analysts note moderate momentum driven by ongoing infrastructure and demand trends in the corridor.",INTERNAL_RESEARCH,0.85,2026-06-13,2026-09-04T04:21:17+00:00,0,ev_96_0,Delhi NCR,Chada Gardens,Policy/Regulatory Note
97,Developer Filing,"Investment Memo — Chander Gardens, Mumbai","Investment Memo for Chander Gardens, Mumbai: connectivity score 70.0, infrastructure score 77.6, development score 57.7. Analysts note moderate momentum driven by ongoing infrastructure and demand trends in the corridor.",DEVELOPER_FILING,0.55,2024-11-15,2026-09-04T04:21:17+00:00,0,ev_97_0,Mumbai,Chander Gardens,Investment Memo
98,Developer Filing,"Developer Report — Chander Gardens, Mumbai","Developer Report for Chander Gardens, Mumbai: connectivity score 70.0, infrastructure score 77.6, development score 57.7. Analysts note moderate momentum driven by ongoing infrastructure and demand trends in the corridor.",DEVELOPER_FILING,0.55,2026-08-05,2026-09-04T04:21:17+00:00,0,ev_98_0,Mumbai,Chander Gardens,Developer Report
99,Internal Research,"Locality Deep-Dive — Chander Gardens, Mumbai","Locality Deep-Dive for Chander Gardens, Mumbai: connectivity score 70.0, infrastructure score 77.6, development score 57.7. Analysts note moderate momentum driven by ongoing infrastructure and demand trends in the corridor.",INTERNAL_RESEARCH,0.85,2026-07-16,2026-09-04T04:21:17+00:00,0,ev_99_0,Mumbai,Chander Gardens,Locality Deep-Dive
100,Internal Research,"Locality Deep-Dive — Koshy Layout, Pune","Locality Deep-Dive for Koshy Layout, Pune: connectivity score 80.5, infrastructure score 27.4, development score 59.9. Analysts note moderate momentum driven by ongoing infrastructure and demand trends in the corridor.",INTERNAL_RESEARCH,0.85,2025-02-09,2026-09-04T04:21:17+00:00,0,ev_100_0,Pune,Koshy Layout,Locality Deep-Dive
101,Internal Research,"Developer Report — Koshy Layout, Pune","Developer Report for Koshy Layout, Pune: connectivity score 80.5, infrastructure score 27.4, development score 59.9. Analysts note moderate momentum driven by ongoing infrastructure and demand trends in the corridor.",INTERNAL_RESEARCH,0.85,2024-12-11,2026-09-04T04:21:17+00:00,0,ev_101_0,Pune,Koshy Layout,Developer Report
102,News,"Market Outlook — Koshy Layout, Pune","Market Outlook for Koshy Layout, Pune: connectivity score 80.5, infrastructure score 27.4, development score 59.9. Analysts note moderate momentum driven by ongoing infrastructure and demand trends in the corridor.",NEWS,0.6,2025-04-23,2026-09-04T04:21:17+00:00,0,ev_102_0,Pune,Koshy Layout,Market Outlook
103,Market Report,"Investment Memo — Choudhary Gardens, Hyderabad","Investment Memo for Choudhary Gardens, Hyderabad: connectivity score 61.3, infrastructure score 77.5, development score 67.7. Analysts note strong momentum driven by ongoing infrastructure and demand trends in the corridor.",MARKET_REPORT,0.8,2025-12-21,2026-09-04T04:21:17+00:00,0,ev_103_0,Hyderabad,Choudhary Gardens,Investment Memo
104,Internal Research,"Locality Deep-Dive — Choudhary Gardens, Hyderabad","Locality Deep-Dive for Choudhary Gardens, Hyderabad: connectivity score 61.3, infrastructure score 77.5, development score 67.7. Analysts note strong momentum driven by ongoing infrastructure and demand trends in the corridor.",INTERNAL_RESEARCH,0.85,2026-07-02,2026-09-04T04:21:17+00:00,0,ev_104_0,Hyderabad,Choudhary Gardens,Locality Deep-Dive
105,Internal Research,"Market Outlook — Choudhary Gardens, Hyderabad","Market Outlook for Choudhary Gardens, Hyderabad: connectivity score 61.3, infrastructure score 77.5, development score 67.7. Analysts note strong momentum driven by ongoing infrastructure and demand trends in the corridor.",INTERNAL_RESEARCH,0.85,2026-03-27,2026-09-04T04:21:17+00:00,0,ev_105_0,Hyderabad,Choudhary Gardens,Market Outlook
106,Internal Research,"Policy/Regulatory Note — Padmanabhan Enclave, Bengaluru","Policy/Regulatory Note for Padmanabhan Enclave, Bengaluru: connectivity score 74.3, infrastructure score 81.9, development score 67.0. Analysts note strong momentum driven by ongoing infrastructure and demand trends in the corridor.",INTERNAL_RESEARCH,0.85,2025-07-28,2026-09-04T04:21:17+00:00,0,ev_106_0,Bengaluru,Padmanabhan Enclave,Policy/Regulatory Note
107,News,"Infrastructure Update — Padmanabhan Enclave, Bengaluru","Infrastructure Update for Padmanabhan Enclave, Bengaluru: connectivity score 74.3, infrastructure score 81.9, development score 67.0. Analysts note strong momentum driven by ongoing infrastructure and demand trends in the corridor.",NEWS,0.6,2024-12-08,2026-09-04T04:21:17+00:00,0,ev_107_0,Bengaluru,Padmanabhan Enclave,Infrastructure Update
108,Internal Research,"Developer Report — Padmanabhan Enclave, Bengaluru","Developer Report for Padmanabhan Enclave, Bengaluru: connectivity score 74.3, infrastructure score 81.9, development score 67.0. Analysts note strong momentum driven by ongoing infrastructure and demand trends in the corridor.",INTERNAL_RESEARCH,0.85,2026-03-30,2026-09-04T04:21:17+00:00,0,ev_108_0,Bengaluru,Padmanabhan Enclave,Developer Report
109,Developer Filing,"Policy/Regulatory Note — Devi Extension, Hyderabad","Policy/Regulatory Note for Devi Extension, Hyderabad: connectivity score 58.2, infrastructure score 71.2, development score 64.3. Analysts note moderate momentum driven by ongoing infrastructure and demand trends in the corridor.",DEVELOPER_FILING,0.55,2025-03-15,2026-09-04T04:21:17+00:00,0,ev_109_0,Hyderabad,Devi Extension,Policy/Regulatory Note
110,News,"Investment Memo — Devi Extension, Hyderabad","Investment Memo for Devi Extension, Hyderabad: connectivity score 58.2, infrastructure score 71.2, development score 64.3. Analysts note moderate momentum driven by ongoing infrastructure and demand trends in the corridor.",NEWS,0.6,2025-09-22,2026-09-04T04:21:17+00:00,0,ev_110_0,Hyderabad,Devi Extension,Investment Memo
111,Developer Filing,"Locality Deep-Dive — Devi Extension, Hyderabad","Locality Deep-Dive for Devi Extension, Hyderabad: connectivity score 58.2, infrastructure score 71.2, development score 64.3. Analysts note moderate momentum driven by ongoing infrastructure and demand trends in the corridor.",DEVELOPER_FILING,0.55,2026-08-15,2026-09-04T04:21:17+00:00,0,ev_111_0,Hyderabad,Devi Extension,Locality Deep-Dive
112,Developer Filing,"Policy/Regulatory Note — Bhalla Nagar, Pune","Policy/Regulatory Note for Bhalla Nagar, Pune: connectivity score 88.3, infrastructure score 52.1, development score 70.8. Analysts note strong momentum driven by ongoing infrastructure and demand trends in the corridor.",DEVELOPER_FILING,0.55,2025-03-03,2026-09-04T04:21:17+00:00,0,ev_112_0,Pune,Bhalla Nagar,Policy/Regulatory Note
113,News,"Policy/Regulatory Note — Bhalla Nagar, Pune","Policy/Regulatory Note for Bhalla Nagar, Pune: connectivity score 88.3, infrastructure score 52.1, development score 70.8. Analysts note strong momentum driven by ongoing infrastructure and demand trends in the corridor.",NEWS,0.6,2025-02-23,2026-09-04T04:21:17+00:00,0,ev_113_0,Pune,Bhalla Nagar,Policy/Regulatory Note
114,Market Report,"Locality Deep-Dive — Bhalla Nagar, Pune","Locality Deep-Dive for Bhalla Nagar, Pune: connectivity score 88.3, infrastructure score 52.1, development score 70.8. Analysts note strong momentum driven by ongoing infrastructure and demand trends in the corridor.",MARKET_REPORT,0.8,2024-10-02,2026-09-04T04:21:17+00:00,0,ev_114_0,Pune,Bhalla Nagar,Locality Deep-Dive
115,Internal Research,"Infrastructure Update — Issac Layout, Mumbai","Infrastructure Update for Issac Layout, Mumbai: connectivity score 66.3, infrastructure score 54.6, development score 62.4. Analysts note moderate momentum driven by ongoing infrastructure and demand trends in the corridor.",INTERNAL_RESEARCH,0.85,2025-04-23,2026-09-04T04:21:17+00:00,0,ev_115_0,Mumbai,Issac Layout,Infrastructure Update
116,Developer Filing,"Developer Report — Issac Layout, Mumbai","Developer Report for Issac Layout, Mumbai: connectivity score 66.3, infrastructure score 54.6, development score 62.4. Analysts note moderate momentum driven by ongoing infrastructure and demand trends in the corridor.",DEVELOPER_FILING,0.55,2025-01-10,2026-09-04T04:21:17+00:00,0,ev_116_0,Mumbai,Issac Layout,Developer Report
117,Internal Research,"Investment Memo — Issac Layout, Mumbai","Investment Memo for Issac Layout, Mumbai: connectivity score 66.3, infrastructure score 54.6, development score 62.4. Analysts note moderate momentum driven by ongoing infrastructure and demand trends in the corridor.",INTERNAL_RESEARCH,0.85,2026-04-18,2026-09-04T04:21:17+00:00,0,ev_117_0,Mumbai,Issac Layout,Investment Memo
118,Market Report,"Investment Memo — Kar Colony, Chennai","Investment Memo for Kar Colony, Chennai: connectivity score 66.5, infrastructure score 57.7, development score 60.9. Analysts note moderate momentum driven by ongoing infrastructure and demand trends in the corridor.",MARKET_REPORT,0.8,2026-05-17,2026-09-04T04:21:17+00:00,0,ev_118_0,Chennai,Kar Colony,Investment Memo
119,Internal Research,"Market Outlook — Kar Colony, Chennai","Market Outlook for Kar Colony, Chennai: connectivity score 66.5, infrastructure score 57.7, development score 60.9. Analysts note moderate momentum driven by ongoing infrastructure and demand trends in the corridor.",INTERNAL_RESEARCH,0.85,2025-11-24,2026-09-04T04:21:17+00:00,0,ev_119_0,Chennai,Kar Colony,Market Outlook
120,Market Report,"Policy/Regulatory Note — Kar Colony, Chennai","Policy/Regulatory Note for Kar Colony, Chennai: connectivity score 66.5, infrastructure score 57.7, development score 60.9. Analysts note moderate momentum driven by ongoing infrastructure and demand trends in the corridor.",MARKET_REPORT,0.8,2025-09-16,2026-09-04T04:21:17+00:00,0,ev_120_0,Chennai,Kar Colony,Policy/Regulatory Note
